,Model,RMSE,MAE
0,Linear Regression,27665.513128951545,18008.75857185007
1,Ridge Regression,27690.096673224114,17999.97560960248
2,XGBoost Regressor,26388.0233208729,15941.041604238026
